funcion,tiempo_total_s,tiempo_por_señal_ms,memoria_cpu_mb,memoria_gpu_mb,n_samples,sparsity
omp_v4_original,52.90581154823303,105.81162309646606,5.121085166931152,18.38671875,500,50
omp_v5_memoryimproved,5.835534334182739,11.671068668365479,0.10968208312988281,25.3017578125,500,50
